{
  "content_sha256_before_self_field": "ef4b9ed5ddd1393dde53e4dfc056f5cd178bb1f0d583452a7ec4cde40c9b57c4",
  "current_fixed_holdout_cycle_eligible": false,
  "objective_fitness": {
    "domain": {
      "coefficients": [
        -0.7333333333333334,
        -0.19999999999999996,
        0.33333333333333337,
        0.8666666666666667,
        -0.1333333333333333,
        -0.06666666666666665,
        0.06666666666666665,
        0.5333333333333333
      ],
      "robust_signed_scores": {
        "minus": [
          -3.139545431887172,
          -3.141884967487611,
          -3.1422718738221507,
          -3.1440083441612856,
          -3.1426165523940863,
          -3.1431711739714245,
          -3.1420846580591224,
          -3.1424825656245288
        ],
        "plus": [
          -3.1426791570633146,
          -3.1422549235536312,
          -3.1414812872014206,
          -3.14093451012327,
          -3.1427021108894806,
          -3.143320289170531,
          -3.141943856201943,
          -3.140374978866382
        ]
      },
      "schema": "multi-anchor-objective-centered-ranks-v43h",
      "signed_centered_rank_utilities": {
        "minus": [
          0.5,
          0.23333333333333328,
          -0.033333333333333326,
          -0.5,
          -0.16666666666666669,
          -0.3666666666666667,
          0.09999999999999998,
          -0.09999999999999998
        ],
        "plus": [
          -0.23333333333333334,
          0.033333333333333326,
          0.30000000000000004,
          0.3666666666666667,
          -0.3,
          -0.43333333333333335,
          0.16666666666666663,
          0.43333333333333335
        ]
      },
      "zero_spread": false
    },
    "prose_lm": {
      "coefficients": [
        0.6666666666666667,
        0.8666666666666667,
        -0.1333333333333333,
        -0.2666666666666666,
        -0.4666666666666667,
        -0.06666666666666665,
        -0.6666666666666666,
        0.19999999999999996
      ],
      "robust_signed_scores": {
        "minus": [
          -1.5056017024069563,
          -1.5056460151772417,
          -1.504739033051688,
          -1.5050127229522046,
          -1.5052797292887088,
          -1.5054895027916624,
          -1.5052007831548497,
          -1.5053892006114271
        ],
        "plus": [
          -1.5047832048826917,
          -1.504659131513249,
          -1.5048515128917699,
          -1.5053755389891048,
          -1.5057178968925702,
          -1.5054978314330447,
          -1.5058579989114986,
          -1.5052445202506584
        ]
      },
      "schema": "multi-anchor-objective-centered-ranks-v43h",
      "signed_centered_rank_utilities": {
        "minus": [
          -0.3,
          -0.3666666666666667,
          0.43333333333333335,
          0.23333333333333328,
          0.033333333333333326,
          -0.16666666666666669,
          0.16666666666666663,
          -0.09999999999999998
        ],
        "plus": [
          0.3666666666666667,
          0.5,
          0.30000000000000004,
          -0.033333333333333326,
          -0.43333333333333335,
          -0.23333333333333334,
          -0.5,
          0.09999999999999998
        ]
      },
      "zero_spread": false
    },
    "qa_answer_logprob": {
      "coefficients": [
        -0.20000000000000007,
        -0.06666666666666671,
        0.4666666666666667,
        -0.2,
        0.20000000000000007,
        -0.20000000000000007,
        0.4,
        0.13333333333333336
      ],
      "robust_signed_scores": {
        "minus": [
          -1.1835119981659972,
          -1.1843908218220887,
          -1.1839618019684788,
          -1.1852732287946859,
          -1.1835957970189281,
          -1.1833428542108615,
          -1.1856773893473656,
          -1.1855488766083382
        ],
        "plus": [
          -1.1838918193390873,
          -1.1846933760306277,
          -1.1826499459508013,
          -1.1864690559518634,
          -1.1830490951562345,
          -1.1835960388043323,
          -1.184280535505755,
          -1.1849989911169017
        ]
      },
      "schema": "multi-anchor-objective-centered-ranks-v43h",
      "signed_centered_rank_utilities": {
        "minus": [
          0.30000000000000004,
          -0.09999999999999998,
          0.033333333333333326,
          -0.3,
          0.23333333333333328,
          0.3666666666666667,
          -0.43333333333333335,
          -0.3666666666666667
        ],
        "plus": [
          0.09999999999999998,
          -0.16666666666666669,
          0.5,
          -0.5,
          0.43333333333333335,
          0.16666666666666663,
          -0.033333333333333326,
          -0.23333333333333334
        ]
      },
      "zero_spread": false
    },
    "qa_generation_mean_f1": {
      "coefficients": [
        -0.1333333333333333,
        -0.6666666666666667,
        0.33333333333333337,
        0.33333333333333337,
        0.26666666666666666,
        0.33333333333333326,
        -0.7333333333333334,
        0.13333333333333336
      ],
      "robust_signed_scores": {
        "minus": [
          0.39776683534242474,
          0.4047585541905201,
          0.40371557692552906,
          0.4018716553595426,
          0.3994163780614706,
          0.4008174135299223,
          0.4044317430124662,
          0.4005435053268542
        ],
        "plus": [
          0.39534749427586763,
          0.3990925955152235,
          0.4099193110214827,
          0.40620460340492676,
          0.40182763023291473,
          0.40377990278995346,
          0.3975980139797484,
          0.4014082070705413
        ]
      },
      "schema": "multi-anchor-objective-centered-ranks-v43h",
      "signed_centered_rank_utilities": {
        "minus": [
          -0.3666666666666667,
          0.3666666666666667,
          0.16666666666666663,
          0.09999999999999998,
          -0.23333333333333334,
          -0.09999999999999998,
          0.30000000000000004,
          -0.16666666666666669
        ],
        "plus": [
          -0.5,
          -0.3,
          0.5,
          0.43333333333333335,
          0.033333333333333326,
          0.23333333333333328,
          -0.43333333333333335,
          -0.033333333333333326
        ]
      },
      "zero_spread": false
    }
  },
  "objective_paths": {
    "domain": [
      "domain",
      "aggregate",
      "equal_unit_mean"
    ],
    "prose_lm": [
      "prose_lm",
      "mean_token_logprob"
    ],
    "qa_answer_logprob": [
      "qa_answer_logprob",
      "mean_example_logprob"
    ],
    "qa_generation_mean_f1": [
      "qa_generation",
      "mean_f1"
    ]
  },
  "objective_sign_scores": {
    "domain": {
      "minus": [
        [
          -3.139445119077004,
          -3.1404668059646235,
          -3.1396457446973396,
          -3.139351928961005
        ],
        [
          -3.1411059795198897,
          -3.1421045213229832,
          -3.141826053780486,
          -3.141943881194736
        ],
        [
          -3.1420536825845957,
          -3.1423903048206068,
          -3.142563461077688,
          -3.142153442823694
        ],
        [
          -3.143602555687085,
          -3.1437341311230105,
          -3.1446771833542426,
          -3.144282557199561
        ],
        [
          -3.1422443494875147,
          -3.1420892496304997,
          -3.1433350388441776,
          -3.142988755300658
        ],
        [
          -3.142903528956939,
          -3.143250087467281,
          -3.143450177720621,
          -3.1430922604755676
        ],
        [
          -3.142079267037372,
          -3.141409144247163,
          -3.142090049080873,
          -3.142199269482347
        ],
        [
          -3.1427785291761494,
          -3.142612691887149,
          -3.142352439361908,
          -3.1422706486622993
        ]
      ],